adv_date,area,build_year,facilities,floor,link,price,rooms,total_price
2022-26-12,118,1401,پارکینگ/آسانسور/انباری/بالکن,2,https://www.mrestate.ir/s/oSucT,"70,338,983",2,"8,300,000,000"
2022-26-12,65,1386,پارکینگ/آسانسور/انباری,3,https://www.mrestate.ir/s/SpJHh,"40,615,384",1,"2,640,000,000"
2022-26-12,68,1384,پارکینگ/انباری,1,https://www.mrestate.ir/s/SKdNF,"62,500,000",2,"4,250,000,000"
2022-26-12,85,1401,پارکینگ/آسانسور/انباری/بالکن/سرایداری/نگهبانی/سالن اجتماعات/لابی/استخر/سونا/جکوزی/روف گاردن/اعلام حریق/اطفا حریق/آبنما/لابی من/پارکینگ مهمان/نورپردازی/باشگاه/آلاچیق/جاروبرقی مرکزی,9,https://www.mrestate.ir/s/xmvRQ,"12,823,529",2,"1,090,000,000"
2022-26-12,124,1400,,3,https://www.mrestate.ir/s/IWiDl,"73,790,322",2,"9,150,000,000"
2022-26-12,72,1384,پارکینگ/انباری/بالکن/سرایداری/نگهبانی,1,https://www.mrestate.ir/s/wpHOr,"59,722,222",2,"4,300,000,000"
2022-26-12,87,1400,,1,https://www.mrestate.ir/s/SqhWA,"78,735,632",2,"6,850,000,000"
2022-26-12,72,1384,پارکینگ/انباری/بالکن/سرایداری/نگهبانی,1,https://www.mrestate.ir/s/vhmbL,"59,722,222",2,"4,300,000,000"
2022-26-12,118,1401,پارکینگ/آسانسور/انباری/بالکن,4,https://www.mrestate.ir/s/eYmKG,"843,220",2,"99,500,000"
2022-26-12,160,1401,پارکینگ/آسانسور/انباری,2,https://www.mrestate.ir/s/ZcGTd,"140,000,000",3,"22,400,000,000"
2022-26-12,65,1385,پارکینگ/آسانسور/انباری,5,https://www.mrestate.ir/s/gsNgt,"63,846,153",2,"4,150,000,000"
2022-26-12,310,1387,پارکینگ/آسانسور/انباری,5,https://www.mrestate.ir/s/NoFBk,"88,709,677",3,"27,500,000,000"
2022-26-12,79,1383,پارکینگ/انباری,3,https://www.mrestate.ir/s/dTeRE,"78,481,012",2,"6,200,000,000"
2022-26-12,77,1396,پارکینگ/آسانسور/انباری,3,https://www.mrestate.ir/s/NaECX,"59,740,259",2,"4,600,000,000"
2022-26-12,200,1401,پارکینگ/آسانسور/انباری,4,https://www.mrestate.ir/s/ieJRI,"125,000,000",3,"25,000,000,000"
2022-26-12,128,1371,پارکینگ/آسانسور,1,https://www.mrestate.ir/s/ywEgT,"55,000,000",2,"7,040,000,000"
2022-26-12,120,1400,پارکینگ/آسانسور/انباری,4,https://www.mrestate.ir/s/CLdUC,"73,916,666",2,"8,870,000,000"
2022-26-12,90,1382,پارکینگ/انباری,2,https://www.mrestate.ir/s/bxEaV,"55,555,555",2,"5,000,000,000"
2022-26-12,185,1397,پارکینگ/آسانسور/انباری,1,https://www.mrestate.ir/s/HPmNE,"124,324,324",3,"23,000,000,000"
2022-26-12,108,1395,پارکینگ/آسانسور/انباری,7,https://www.mrestate.ir/s/atLho,"60,185,185",2,"6,500,000,000"
2022-26-12,64,1380,,4,https://www.mrestate.ir/s/trfzu,"32,812,500",2,"2,100,000,000"
2022-26-12,143,1399,پارکینگ/آسانسور/انباری,2,https://www.mrestate.ir/s/EahBK,"80,419,580",3,"11,500,000,000"
2022-26-12,95,1401,پارکینگ/آسانسور/انباری,5,https://www.mrestate.ir/s/TviIP,"78,947,368",2,"7,500,000,000"
2022-26-12,150,1386,پارکینگ/آسانسور/انباری,2,https://www.mrestate.ir/s/buRNC,"76,666,666",3,"11,500,000,000"
2022-26-12,185,1401,پارکینگ/آسانسور/انباری/بالکن/سرایداری/سالن اجتماعات/لابی/اعلام حریق/اطفا حریق/نورپردازی,12,https://www.mrestate.ir/s/sHPqq,"62,000,000",4,"11,470,000,000"
2022-26-12,100,1401,پارکینگ/آسانسور/انباری,5,https://www.mrestate.ir/s/pTbFf,"90,000,000",2,"9,000,000,000"
2022-26-12,100,1390,پارکینگ/آسانسور/انباری,5,https://www.mrestate.ir/s/MHsdY,"112,000,000",2,"11,200,000,000"
2022-26-12,53,1392,پارکینگ/انباری,2,https://www.mrestate.ir/s/PFFYd,"22,264,150",1,"1,180,000,000"
2022-26-12,110,1386,پارکینگ/آسانسور/انباری,3,https://www.mrestate.ir/s/zAhvE,"55,454,545",2,"6,100,000,000"
2022-26-12,100,1401,پارکینگ/آسانسور/انباری,2,https://www.mrestate.ir/s/GQMww,"67,000,000",2,"6,700,000,000"
2022-26-12,61,1383,پارکینگ/انباری,1,https://www.mrestate.ir/s/VHtCX,"59,836,065",2,"3,650,000,000"
2022-26-12,101,1384,پارکینگ/انباری,1,https://www.mrestate.ir/s/hafMj,"58,415,841",2,"5,900,000,000"
2022-26-12,146,از,پارکینگ/آسانسور/انباری/بالکن/سرایداری/نگهبانی/پارکینگ مهمان,1,https://www.mrestate.ir/s/CkkwP,"64,383,561",3,"9,400,000,000"
2022-26-12,85,1400,آسانسور,5,https://www.mrestate.ir/s/rBJlE,"47,058,823",2,"4,000,000,000"
2022-26-12,100,1387,پارکینگ/آسانسور/انباری,5,https://www.mrestate.ir/s/GsEgi,"60,000,000",3,"6,000,000,000"
2022-26-12,120,1394,پارکینگ/آسانسور/انباری,1,https://www.mrestate.ir/s/VjyGP,"75,000,000",2,"9,000,000,000"
2022-26-12,250,1399,پارکینگ/آسانسور/انباری,9,https://www.mrestate.ir/s/RyypY,"170,000,000",3,"42,500,000,000"
2022-26-12,60,1401,پارکینگ/آسانسور/انباری,4,https://www.mrestate.ir/s/qWOaC,"67,333,333",1,"4,040,000,000"
2022-26-12,200,1401,پارکینگ/آسانسور/انباری,6,https://www.mrestate.ir/s/mutcM,"117,500,000",3,"23,500,000,000"
2022-26-12,54,1393,پارکینگ/آسانسور/انباری,2,https://www.mrestate.ir/s/LVbQo,"75,925,925",1,"4,100,000,000"
2022-26-12,200,1383,پارکینگ/آسانسور/انباری,5,https://www.mrestate.ir/s/abcqg,"79,000,000",4,"15,800,000,000"
2022-26-12,125,1398,پارکینگ/آسانسور/انباری/بالکن/سرایداری/نگهبانی/سالن اجتماعات/سونا/جکوزی/روف گاردن/اعلام حریق/اطفا حریق/آبنما/لابی من/پارکینگ مهمان/نورپردازی/باشگاه/آلاچیق/جاروبرقی مرکزی,3,https://www.mrestate.ir/s/kyAev,"125,040,000",2,"15,630,000,000"
2022-26-12,410,1401,پارکینگ/آسانسور/انباری/بالکن/سرایداری/نگهبانی/سالن اجتماعات/استخر/سونا/جکوزی/روف گاردن/اعلام حریق/اطفا حریق/آبنما/لابی من/پارکینگ مهمان/نورپردازی/باشگاه,1,https://www.mrestate.ir/s/ZHuAI,"248,780,487",4,"102,000,000,000"
2022-26-12,110,1401,پارکینگ/آسانسور/انباری/بالکن/سرایداری/نگهبانی/سالن اجتماعات/لابی/استخر/سونا/جکوزی/روف گاردن/اعلام حریق/اطفا حریق/آبنما/لابی من/پارکینگ مهمان/نورپردازی/باشگاه/آلاچیق/جاروبرقی مرکزی,10,https://www.mrestate.ir/s/sxnNz,"12,818,181",2,"1,410,000,000"
2022-26-12,92,1398,پارکینگ/آسانسور/انباری,4,https://www.mrestate.ir/s/drwyB,"61,956,521",2,"5,700,000,000"
2022-26-12,53,1395,پارکینگ/آسانسور/انباری,4,https://www.mrestate.ir/s/ImQfd,"70,754,716",1,"3,750,000,000"
2022-26-12,117,1401,پارکینگ/آسانسور/انباری,1,https://www.mrestate.ir/s/zlvCU,"61,538,461",2,"7,200,000,000"
2022-26-12,115,1380,پارکینگ/انباری,4,https://www.mrestate.ir/s/cJpAL,"51,304,347",3,"5,900,000,000"
2022-26-12,110,1387,پارکینگ/انباری,2,https://www.mrestate.ir/s/aBiks,"44,545,454",3,"4,900,000,000"
2022-26-12,90,1382,پارکینگ/انباری,2,https://www.mrestate.ir/s/gLjJB,"49,444,444",2,"4,450,000,000"
2022-26-12,265,1380,پارکینگ/انباری,1,https://www.mrestate.ir/s/xKQvD,"113,207,547",3,"30,000,000,000"
2022-26-12,65,1384,پارکینگ,4,https://www.mrestate.ir/s/Uvrim,"53,846,153",2,"3,500,000,000"
2022-26-12,62,1382,پارکینگ/انباری,2,https://www.mrestate.ir/s/vamAF,"58,064,516",2,"3,600,000,000"
2022-26-12,210,1390,پارکینگ/آسانسور/انباری,4,https://www.mrestate.ir/s/rQKDM,"170,000,000",3,"35,700,000,000"
2022-26-12,70,1386,پارکینگ/انباری,4,https://www.mrestate.ir/s/fKamX,"41,428,571",2,"2,900,000,000"
2022-26-12,400,1401,پارکینگ/آسانسور/انباری,10,https://www.mrestate.ir/s/DUlUy,"300,000,000",4,"120,000,000,000"
2022-26-12,130,1388,پارکینگ/آسانسور/انباری,4,https://www.mrestate.ir/s/bMOji,"84,615,384",3,"11,000,000,000"
2022-26-12,280,1400,پارکینگ/آسانسور/انباری,6,https://www.mrestate.ir/s/ItHRl,"235,000,000",3,"65,800,000,000"
2022-26-12,128,1401,پارکینگ/آسانسور/انباری,3,https://www.mrestate.ir/s/xiNfH,"84,000,000",2,"10,752,000,000"
2022-26-12,120,1396,پارکینگ/آسانسور/انباری,4,https://www.mrestate.ir/s/Acnkb,"70,833,333",3,"8,500,000,000"
2022-26-12,71,1385,پارکینگ/آسانسور,2,https://www.mrestate.ir/s/orAzp,"76,056,338",2,"5,400,000,000"
2022-26-12,98,1394,پارکینگ/آسانسور/انباری,3,https://www.mrestate.ir/s/duAEx,"65,816,326",2,"6,450,000,000"
2022-26-12,120,1387,پارکینگ/آسانسور/انباری,2,https://www.mrestate.ir/s/GTeyb,"57,916,666",2,"6,950,000,000"
2022-26-12,150,1397,پارکینگ/آسانسور/انباری,3,https://www.mrestate.ir/s/SCfju,"66,666,666",3,"10,000,000,000"
2022-26-12,130,1394,پارکینگ/آسانسور/انباری,5,https://www.mrestate.ir/s/Akrba,"76,923,076",2,"10,000,000,000"
2022-26-12,75,1391,پارکینگ/آسانسور/انباری,2,https://www.mrestate.ir/s/ZQkAx,"50,666,666",2,"3,800,000,000"
2022-26-12,80,1389,انباری,2,https://www.mrestate.ir/s/IMuNN,"41,250,000",2,"3,300,000,000"
2022-26-12,122,1401,پارکینگ/آسانسور/انباری/بالکن,2,https://www.mrestate.ir/s/Iupdh,"72,131,147",3,"8,800,000,000"
2022-26-12,75,1385,پارکینگ/انباری,1,https://www.mrestate.ir/s/nFGVL,"65,333,333",2,"4,900,000,000"
2022-26-12,145,1401,پارکینگ/آسانسور/انباری,5,https://www.mrestate.ir/s/hsXMG,"174,482,758",3,"25,300,000,000"
2022-26-12,98,1384,پارکینگ/آسانسور/انباری,5,https://www.mrestate.ir/s/xlwMd,"60,714,285",3,"5,950,000,000"
2022-26-12,74,1401,پارکینگ/آسانسور/انباری,4,https://www.mrestate.ir/s/LWFJG,"72,027,027",2,"5,330,000,000"
2022-26-12,93,1395,پارکینگ/آسانسور/انباری,4,https://www.mrestate.ir/s/sCEmC,"69,892,473",2,"6,500,000,000"
2022-26-12,73,1381,پارکینگ/انباری,3,https://www.mrestate.ir/s/QKUul,"55,479,452",2,"4,050,000,000"
2022-26-12,106,1396,پارکینگ/آسانسور/انباری,6,https://www.mrestate.ir/s/WYWFc,"73,584,905",2,"7,800,000,000"
2022-26-12,140,1394,پارکینگ/آسانسور/انباری,2,https://www.mrestate.ir/s/RwTcU,"78,571,428",3,"11,000,000,000"
2022-26-12,110,1401,پارکینگ/آسانسور/انباری,1,https://www.mrestate.ir/s/sxEZd,"70,909,090",2,"7,800,000,000"
2022-26-12,250,1401,پارکینگ/آسانسور/انباری,2,https://www.mrestate.ir/s/rBJQc,"145,000,000",3,"36,250,000,000"
2022-26-12,530,1401,پارکینگ/آسانسور/انباری,3,https://www.mrestate.ir/s/jZFet,"203,773,584",4,"108,000,000,000"
2022-26-12,71,1390,پارکینگ/آسانسور/انباری,2,https://www.mrestate.ir/s/Qykpb,"57,746,478",1,"4,100,000,000"
2022-26-12,194,1401,پارکینگ/آسانسور/انباری,7,https://www.mrestate.ir/s/ZWJvB,"74,484,536",3,"14,450,000,000"
2022-26-12,55,1395,,3,https://www.mrestate.ir/s/zJqKM,"33,000,000",1,"1,815,000,000"
2022-26-12,116,1388,پارکینگ/آسانسور/انباری,5,https://www.mrestate.ir/s/UQhGI,"68,189,655",3,"7,910,000,000"
2022-26-12,64,1395,پارکینگ/آسانسور/انباری,3,https://www.mrestate.ir/s/BGzua,"85,937,500",1,"5,500,000,000"
2022-26-12,135,1380,پارکینگ/آسانسور/انباری,5,https://www.mrestate.ir/s/MUGHE,"88,888,888",2,"12,000,000,000"
2022-26-12,143,1375,پارکینگ/انباری,1,https://www.mrestate.ir/s/JOePY,"78,321,678",3,"11,200,000,000"
2022-26-12,65,1373,انباری,2,https://www.mrestate.ir/s/kGCHv,"43,846,153",2,"2,850,000,000"
2022-26-12,105,1401,پارکینگ/آسانسور,4,https://www.mrestate.ir/s/dffjP,"68,000,000",2,"7,140,000,000"
2022-26-12,111,1391,پارکینگ/آسانسور/انباری,2,https://www.mrestate.ir/s/huJyF,"63,513,513",2,"7,050,000,000"
2022-26-12,205,1381,پارکینگ/آسانسور/انباری,2,https://www.mrestate.ir/s/tWXGJ,"78,048,780",3,"16,000,000,000"
2022-26-12,58,1387,پارکینگ/آسانسور/انباری,2,https://www.mrestate.ir/s/uIYhH,"36,206,896",1,"2,100,000,000"
2022-26-12,130,1401,پارکینگ/آسانسور/انباری,4,https://www.mrestate.ir/s/WXkOe,"61,538,461",3,"8,000,000,000"
2022-26-12,125,1395,پارکینگ/آسانسور/انباری,1,https://www.mrestate.ir/s/Uggge,"62,000,000",3,"7,750,000,000"
2022-26-12,120,1397,پارکینگ/آسانسور/انباری,2,https://www.mrestate.ir/s/BzYSP,"69,583,333",2,"8,350,000,000"
2022-26-12,80,1395,پارکینگ/آسانسور/انباری,4,https://www.mrestate.ir/s/FfhQN,"68,125,000",2,"5,450,000,000"
2022-26-12,70,1389,پارکینگ/آسانسور/انباری,5,https://www.mrestate.ir/s/EehVv,"52,857,142",2,"3,700,000,000"
2022-26-12,61,1394,پارکینگ/آسانسور/انباری,3,https://www.mrestate.ir/s/Qvhhf,"75,409,836",1,"4,600,000,000"
2022-26-12,68,1384,پارکینگ/انباری,1,https://www.mrestate.ir/s/Rlfhy,"48,529,411",2,"3,300,000,000"
2022-26-12,282,1381,پارکینگ/آسانسور/انباری,2,https://www.mrestate.ir/s/FJczU,"109,929,078",3,"31,000,000,000"
2022-26-12,125,1401,پارکینگ/آسانسور/انباری,4,https://www.mrestate.ir/s/NuzxR,"65,000,000",3,"8,125,000,000"
2022-26-12,54,1393,پارکینگ/آسانسور/انباری,1,https://www.mrestate.ir/s/qPFRB,"73,148,148",1,"3,950,000,000"
2022-26-12,270,1400,پارکینگ/آسانسور/انباری,2,https://www.mrestate.ir/s/TZVQt,"185,185,185",4,"50,000,000,000"
2022-26-12,62,1395,پارکینگ/آسانسور/انباری,3,https://www.mrestate.ir/s/Jnxhv,"51,290,322",1,"3,180,000,000"
2022-26-12,120,1401,پارکینگ/آسانسور/انباری,3,https://www.mrestate.ir/s/PYKXk,"195,000,000",2,"23,400,000,000"
2022-26-12,135,1394,پارکینگ/آسانسور/انباری,5,https://www.mrestate.ir/s/uzecw,"89,711,934",2,"12,111,111,111"
2022-26-12,62,1398,پارکینگ/آسانسور/انباری,1,https://www.mrestate.ir/s/KbaIq,"62,903,225",1,"3,900,000,000"
2022-26-12,55,1394,,1,https://www.mrestate.ir/s/INDZS,"42,181,818",1,"2,320,000,000"
2022-26-12,74,1389,پارکینگ/آسانسور,1,https://www.mrestate.ir/s/NslGU,"81,081,081",2,"6,000,000,000"
2022-26-12,180,1383,پارکینگ/آسانسور/انباری,2,https://www.mrestate.ir/s/icfWm,"78,000,000",3,"14,040,000,000"
2022-26-12,96,1381,پارکینگ/انباری,2,https://www.mrestate.ir/s/cNkal,"82,187,500",2,"7,890,000,000"
2022-26-12,112,1396,پارکینگ/آسانسور/انباری,3,https://www.mrestate.ir/s/TNfxl,"62,053,571",2,"6,950,000,000"
2022-26-12,105,1401,پارکینگ/آسانسور/انباری,3,https://www.mrestate.ir/s/Jesia,"51,047,619",2,"5,360,000,000"
2022-26-12,113,1375,پارکینگ/انباری,3,https://www.mrestate.ir/s/KWXOJ,"30,088,495",2,"3,400,000,000"
2022-26-12,50,1385,انباری,1,https://www.mrestate.ir/s/lVvNP,"52,000,000",1,"2,600,000,000"
2022-26-12,220,1377,پارکینگ/آسانسور/انباری,2,https://www.mrestate.ir/s/CnKRF,"72,000,000",3,"15,840,000,000"
2022-26-12,195,1383,پارکینگ/آسانسور/انباری,2,https://www.mrestate.ir/s/pqJKM,"90,256,410",4,"17,600,000,000"
2022-26-12,45,1399,پارکینگ/آسانسور/انباری,3,https://www.mrestate.ir/s/jHucf,"69,555,555",1,"3,130,000,000"
2022-26-12,87,1384,پارکینگ/انباری,3,https://www.mrestate.ir/s/ENwFW,"47,126,436",2,"4,100,000,000"
2022-26-12,133,1390,پارکینگ/آسانسور/انباری,4,https://www.mrestate.ir/s/PBDCE,"59,022,556",3,"7,850,000,000"
2022-26-12,54,1385,پارکینگ/انباری,1,https://www.mrestate.ir/s/QEEuj,"62,962,962",2,"3,400,000,000"
2022-26-12,75,1384,پارکینگ/آسانسور/انباری,1,https://www.mrestate.ir/s/AnKeB,"56,000,000",2,"4,200,000,000"
2022-26-12,80,1395,پارکینگ/آسانسور/انباری,2,https://www.mrestate.ir/s/xiPyE,"56,875,000",2,"4,550,000,000"
2022-26-12,60,1390,پارکینگ/آسانسور/انباری,3,https://www.mrestate.ir/s/LqeZf,"60,000,000",1,"3,600,000,000"
2022-26-12,80,1392,پارکینگ/آسانسور/انباری,2,https://www.mrestate.ir/s/OLhzQ,"65,000,000",2,"5,200,000,000"
2022-26-12,750,1401,پارکینگ/آسانسور/انباری,5,https://www.mrestate.ir/s/tpSTa,"76,000,000",3,"57,000,000,000"
2022-26-12,76,1391,پارکینگ/آسانسور/انباری,3,https://www.mrestate.ir/s/lneJi,"57,894,736",1,"4,400,000,000"
2022-26-12,140,1371,پارکینگ/آسانسور/انباری,1,https://www.mrestate.ir/s/blKRp,"50,000,000",3,"7,000,000,000"
2022-26-12,86,1399,پارکینگ/آسانسور/انباری,4,https://www.mrestate.ir/s/AkNKo,"100,000,000",2,"8,600,000,000"
2022-26-12,63,1394,آسانسور,4,https://www.mrestate.ir/s/vLgdN,"33,333,333",1,"2,100,000,000"
2022-26-12,90,1388,پارکینگ/آسانسور/انباری,3,https://www.mrestate.ir/s/CzPzm,"72,222,222",2,"6,500,000,000"
2022-26-12,270,1385,پارکینگ/آسانسور/انباری,4,https://www.mrestate.ir/s/pxJTe,"111,111,111",4,"30,000,000,000"
2022-26-12,75,1388,پارکینگ/آسانسور/انباری,3,https://www.mrestate.ir/s/Oxapr,"90,666,666",2,"6,800,000,000"
2022-26-12,105,1401,پارکینگ/آسانسور/انباری,4,https://www.mrestate.ir/s/amiUC,"71,904,761",2,"7,550,000,000"
2022-26-12,130,1398,پارکینگ/آسانسور/انباری,2,https://www.mrestate.ir/s/niljX,"93,076,923",3,"12,100,000,000"
2022-26-12,75,1387,پارکینگ/انباری,1,https://www.mrestate.ir/s/YkBtp,"57,333,333",2,"4,300,000,000"
2022-26-12,72,1385,پارکینگ/انباری,3,https://www.mrestate.ir/s/xFSMA,"50,694,444",2,"3,650,000,000"
2022-26-12,62,1401,پارکینگ/آسانسور/انباری,4,https://www.mrestate.ir/s/ZXTLX,"75,806,451",1,"4,700,000,000"
2022-26-12,122,1381,پارکینگ/آسانسور/انباری,4,https://www.mrestate.ir/s/xDvPZ,"55,737,704",2,"6,800,000,000"
2022-26-12,100,1386,پارکینگ/آسانسور/انباری,4,https://www.mrestate.ir/s/KOKgC,"110,000,000",2,"11,000,000,000"
2022-26-12,71,1382,پارکینگ/انباری,1,https://www.mrestate.ir/s/izjyF,"59,014,084",2,"4,190,000,000"
2022-26-12,48,1387,انباری,2,https://www.mrestate.ir/s/VeWRC,"20,833,333",1,"1,000,000,000"
2022-26-12,60,1385,پارکینگ,1,https://www.mrestate.ir/s/wgRGK,"65,833,333",1,"3,950,000,000"
2022-26-12,88,1388,پارکینگ/آسانسور/انباری,3,https://www.mrestate.ir/s/vjJse,"96,590,909",2,"8,500,000,000"
2022-26-12,110,1397,پارکینگ/آسانسور/انباری,2,https://www.mrestate.ir/s/ozsQc,"104,545,454",2,"11,500,000,000"
2022-26-12,135,1399,پارکینگ/آسانسور/انباری,6,https://www.mrestate.ir/s/qlgRU,"90,370,370",3,"12,200,000,000"
2022-26-12,110,1401,پارکینگ/آسانسور/انباری,5,https://www.mrestate.ir/s/evWVw,"13,500,000",2,"1,485,000,000"
2022-26-12,133,1395,پارکینگ/آسانسور/انباری,6,https://www.mrestate.ir/s/hfEVG,"59,887,218",3,"7,965,000,000"
2022-26-12,128,1395,پارکینگ/آسانسور/انباری,4,https://www.mrestate.ir/s/NHmuj,"109,375,000",3,"14,000,000,000"
2022-26-12,145,1386,پارکینگ/آسانسور/انباری,5,https://www.mrestate.ir/s/YNmyc,"49,655,172",3,"7,200,000,000"
2022-26-12,115,1395,پارکینگ/آسانسور/انباری,2,https://www.mrestate.ir/s/nldxC,"89,565,217",2,"10,300,000,000"
2022-26-12,110,1383,پارکینگ/آسانسور/انباری,3,https://www.mrestate.ir/s/oitje,"63,636,363",2,"7,000,000,000"
2022-26-12,240,1371,پارکینگ/آسانسور/انباری,1,https://www.mrestate.ir/s/fmFHE,"49,958,333",4,"11,990,000,000"
2022-26-12,88,1400,پارکینگ/آسانسور/انباری,4,https://www.mrestate.ir/s/KAdUx,"63,522,727",2,"5,590,000,000"
2022-26-12,67,1395,پارکینگ/آسانسور/انباری,1,https://www.mrestate.ir/s/GCmUE,"58,955,223",2,"3,950,000,000"
2022-26-12,103,1394,پارکینگ/آسانسور/انباری,1,https://www.mrestate.ir/s/qmqWA,"60,194,174",2,"6,200,000,000"
2022-26-12,230,1401,پارکینگ/آسانسور/انباری,3,https://www.mrestate.ir/s/gvmgY,"186,956,521",3,"43,000,000,000"
2022-26-12,143,1393,پارکینگ/آسانسور/انباری,4,https://www.mrestate.ir/s/joviF,"66,433,566",3,"9,500,000,000"
2022-26-12,90,1394,پارکینگ/آسانسور/انباری,3,https://www.mrestate.ir/s/kgDYc,"69,444,444",2,"6,250,000,000"
2022-26-12,93,1380,پارکینگ/انباری,4,https://www.mrestate.ir/s/qBcvE,"53,763,440",2,"5,000,000,000"
2022-26-12,82,1392,پارکینگ/آسانسور/انباری,5,https://www.mrestate.ir/s/yHkbK,"66,000,000",2,"5,412,000,000"
2022-26-12,100,1394,پارکینگ/آسانسور/انباری,4,https://www.mrestate.ir/s/mPgLM,"65,000,000",2,"6,500,000,000"
2022-26-12,72,1385,آسانسور/انباری,1,https://www.mrestate.ir/s/eytgd,"58,333,333",2,"4,200,000,000"
2022-26-12,245,1385,پارکینگ/آسانسور/انباری,5,https://www.mrestate.ir/s/MmVMn,"72,653,061",4,"17,800,000,000"
2022-26-12,64,1384,پارکینگ/انباری,2,https://www.mrestate.ir/s/HsWmj,"57,656,250",2,"3,690,000,000"
2022-26-12,95,1401,پارکینگ/آسانسور/انباری,5,https://www.mrestate.ir/s/wsGbk,"45,263,157",2,"4,300,000,000"
2022-26-12,107,1401,پارکینگ/آسانسور/انباری,3,https://www.mrestate.ir/s/FMCeh,"74,766,355",3,"8,000,000,000"
2022-26-12,130,1401,پارکینگ/آسانسور/انباری,5,https://www.mrestate.ir/s/DLzfN,"130,000,000",2,"16,900,000,000"
2022-26-12,75,1382,پارکینگ/آسانسور/انباری,1,https://www.mrestate.ir/s/LQRmF,"60,000,000",2,"4,500,000,000"
2022-26-12,70,1394,پارکینگ/آسانسور/انباری/بالکن,2,https://www.mrestate.ir/s/EBggm,"60,000,000",1,"4,200,000,000"
2022-26-12,55,1386,پارکینگ/آسانسور/انباری/بالکن,1,https://www.mrestate.ir/s/wdMGJ,"70,909,090",1,"3,900,000,000"
2022-26-12,182,1401,پارکینگ/آسانسور/انباری,8,https://www.mrestate.ir/s/JgbfF,"75,000,000",3,"13,650,000,000"
2022-26-12,45,1388,پارکینگ/آسانسور/بالکن,1,https://www.mrestate.ir/s/oqynk,"81,111,111",1,"3,650,000,000"
2022-26-12,80,1401,پارکینگ/آسانسور/انباری,3,https://www.mrestate.ir/s/meovX,"65,937,500",2,"5,275,000,000"
2022-26-12,460,1401,پارکینگ/آسانسور/انباری,2,https://www.mrestate.ir/s/kkuPr,"217,391,304",4,"100,000,000,000"
2022-26-12,150,1375,پارکینگ/آسانسور/انباری,7,https://www.mrestate.ir/s/vlola,"83,000,000",3,"12,450,000,000"
2022-26-12,131,1390,پارکینگ/آسانسور/انباری,1,https://www.mrestate.ir/s/EiWeA,"70,000,000",3,"9,170,000,000"
2022-26-12,95,1401,پارکینگ/آسانسور/انباری,2,https://www.mrestate.ir/s/GmgYF,"73,684,210",2,"7,000,000,000"
2022-26-12,130,1401,پارکینگ/آسانسور/انباری/بالکن/پارکینگ مهمان,2,https://www.mrestate.ir/s/CDSPV,"82,692,307",3,"10,750,000,000"
2022-26-12,90,1381,پارکینگ/آسانسور/انباری,1,https://www.mrestate.ir/s/pmDRk,"71,666,666",2,"6,450,000,000"
2022-26-12,72,1401,پارکینگ/آسانسور/انباری,1,https://www.mrestate.ir/s/biGGK,"79,583,333",2,"5,730,000,000"
2022-26-12,180,1400,پارکینگ/آسانسور/انباری,1,https://www.mrestate.ir/s/nFWtx,"116,666,666",3,"21,000,000,000"
2022-26-12,110,1400,پارکینگ/آسانسور/انباری/بالکن/سرایداری,2,https://www.mrestate.ir/s/dNqff,"50,000,000",3,"5,500,000,000"
2022-26-12,100,1373,,4,https://www.mrestate.ir/s/ymkOf,"46,000,000",2,"4,600,000,000"
2022-26-12,195,1385,پارکینگ/آسانسور/انباری,1,https://www.mrestate.ir/s/wCqzI,"80,000,000",3,"15,600,000,000"
2022-26-12,208,1383,پارکینگ/آسانسور/انباری,2,https://www.mrestate.ir/s/hcalu,"110,000,000",3,"22,880,000,000"
2022-26-12,180,1401,پارکینگ/آسانسور/انباری,1,https://www.mrestate.ir/s/KjDoJ,"161,111,111",3,"29,000,000,000"
2022-26-12,88,1401,پارکینگ/آسانسور/انباری,1,https://www.mrestate.ir/s/STHiZ,"85,227,272",2,"7,500,000,000"
2022-26-12,82,1400,پارکینگ/آسانسور,4,https://www.mrestate.ir/s/ScCAf,"115,000,000",2,"9,430,000,000"
2022-26-12,150,1395,پارکینگ/آسانسور/انباری,2,https://www.mrestate.ir/s/AJqCh,"93,333,333",3,"14,000,000,000"
2022-26-12,88,1397,پارکینگ/آسانسور/انباری,8,https://www.mrestate.ir/s/CNewk,"55,681,818",2,"4,900,000,000"
2022-26-12,100,1398,پارکینگ/آسانسور/انباری,5,https://www.mrestate.ir/s/joqca,"67,000,000",2,"6,700,000,000"
2022-26-12,211,1387,پارکینگ/آسانسور/انباری,4,https://www.mrestate.ir/s/KtmdB,"110,000,000",3,"23,210,000,000"
2022-26-12,91,1401,پارکینگ/آسانسور/انباری,1,https://www.mrestate.ir/s/wxJuL,"71,428,571",2,"6,500,000,000"
2022-26-12,260,1400,پارکینگ/آسانسور/انباری,5,https://www.mrestate.ir/s/YyxXa,"128,846,153",3,"33,500,000,000"
2022-26-12,80,1394,پارکینگ/آسانسور/انباری,3,https://www.mrestate.ir/s/CRfGQ,"61,250,000",2,"4,900,000,000"
2022-26-12,127,1400,پارکینگ/آسانسور/انباری,5,https://www.mrestate.ir/s/xnwHB,"67,716,535",3,"8,600,000,000"
2022-26-12,97,1389,پارکینگ/آسانسور/انباری,4,https://www.mrestate.ir/s/VLDEj,"72,164,948",2,"7,000,000,000"
2022-26-12,84,1401,پارکینگ/آسانسور/انباری,1,https://www.mrestate.ir/s/oCOqj,"52,380,952",2,"4,400,000,000"
2022-26-12,67,1386,پارکینگ/آسانسور/انباری,3,https://www.mrestate.ir/s/ECJBN,"39,552,238",1,"2,650,000,000"
2022-26-12,290,1384,پارکینگ/آسانسور/انباری,5,https://www.mrestate.ir/s/gjMHW,"110,344,827",4,"32,000,000,000"
2022-26-12,80,1401,پارکینگ/آسانسور/انباری,2,https://www.mrestate.ir/s/OFyCb,"97,500,000",2,"7,800,000,000"
2022-26-12,158,1389,پارکینگ/آسانسور/انباری,7,https://www.mrestate.ir/s/qKvVZ,"140,000,000",3,"22,120,000,000"
2022-26-12,262,1382,پارکینگ/آسانسور/انباری,4,https://www.mrestate.ir/s/HQlzW,"108,778,625",4,"28,500,000,000"
2022-26-12,116,1401,پارکینگ/آسانسور/انباری,6,https://www.mrestate.ir/s/lPQJP,"70,258,620",2,"8,150,000,000"
2022-26-12,140,1382,پارکینگ,2,https://www.mrestate.ir/s/bAahn,"57,142,857",3,"8,000,000,000"
2022-26-12,240,1401,پارکینگ/آسانسور/انباری,8,https://www.mrestate.ir/s/cNVbZ,"279,166,666",3,"67,000,000,000"
2022-26-12,95,1384,انباری,4,https://www.mrestate.ir/s/vlWah,"55,263,157",2,"5,250,000,000"
2022-26-12,84,1385,انباری,1,https://www.mrestate.ir/s/OmOsF,"52,976,190",2,"4,450,000,000"
2022-26-12,155,1389,پارکینگ/آسانسور/انباری,4,https://www.mrestate.ir/s/YEsoh,"87,096,774",3,"13,500,000,000"
2022-26-12,57,1384,پارکینگ/انباری,1,https://www.mrestate.ir/s/ffgSp,"67,894,736",1,"3,870,000,000"
2022-26-12,85,1390,پارکینگ/آسانسور/انباری,3,https://www.mrestate.ir/s/RrORa,"47,647,058",2,"4,050,000,000"
2022-26-12,78,1380,پارکینگ/انباری,4,https://www.mrestate.ir/s/bokfa,"53,205,128",2,"4,150,000,000"
2022-26-12,46,1385,پارکینگ/آسانسور/انباری,3,https://www.mrestate.ir/s/AWUKi,"69,130,434",2,"3,180,000,000"
2022-26-12,100,1394,پارکینگ/آسانسور/انباری,3,https://www.mrestate.ir/s/luShE,"68,000,000",2,"6,800,000,000"
2022-26-12,112,1398,پارکینگ/آسانسور/انباری,2,https://www.mrestate.ir/s/gkmlU,"98,214,285",2,"11,000,000,000"
2022-26-12,280,1400,پارکینگ/آسانسور/انباری,2,https://www.mrestate.ir/s/edOIo,"200,000,000",3,"56,000,000,000"
2022-26-12,88,1390,پارکینگ/آسانسور/انباری,3,https://www.mrestate.ir/s/UISQL,"59,090,909",2,"5,200,000,000"
2022-26-12,110,1371,پارکینگ/انباری,2,https://www.mrestate.ir/s/bqpTr,"70,909,090",2,"7,800,000,000"
2022-26-12,156,1374,پارکینگ/انباری,1,https://www.mrestate.ir/s/zcGJt,"52,564,102",3,"8,200,000,000"
2022-26-12,76,1384,پارکینگ/آسانسور/انباری,3,https://www.mrestate.ir/s/VcKmi,"55,921,052",2,"4,250,000,000"
2022-26-12,158,1386,پارکینگ/آسانسور/انباری,6,https://www.mrestate.ir/s/lrNbV,"144,936,708",3,"22,900,000,000"
2022-26-12,125,1401,پارکینگ/آسانسور/انباری,3,https://www.mrestate.ir/s/UBKuH,"53,200,000",2,"6,650,000,000"
2022-26-12,83,1386,پارکینگ/آسانسور/انباری,2,https://www.mrestate.ir/s/lgSYG,"65,060,240",2,"5,400,000,000"
2022-26-12,118,1395,پارکینگ,4,https://www.mrestate.ir/s/ImFSh,"88,135,593",2,"10,400,000,000"
2022-26-12,85,1385,پارکینگ/آسانسور/انباری/بالکن/سرایداری/نگهبانی/پارکینگ مهمان/نورپردازی,5,https://www.mrestate.ir/s/RiMEj__1102,"68,235,294",2,"5,800,000,000"
2022-26-12,127,1400,پارکینگ/آسانسور/انباری,4,https://www.mrestate.ir/s/YcKlG,"111,023,622",2,"14,100,000,000"
2022-26-12,88,1387,پارکینگ/آسانسور/انباری,3,https://www.mrestate.ir/s/mpNmi,"46,590,909",2,"4,100,000,000"
2022-26-12,96,1401,پارکینگ/آسانسور/انباری,1,https://www.mrestate.ir/s/FRxVZ,"72,916,666",2,"7,000,000,000"
2022-26-12,90,1395,آسانسور/انباری,1,https://www.mrestate.ir/s/TRVVX,"44,444,444",2,"4,000,000,000"
2022-26-12,95,1382,پارکینگ/آسانسور/انباری,1,https://www.mrestate.ir/s/ORWHF,"60,000,000",3,"5,700,000,000"
2022-26-12,160,1396,پارکینگ/آسانسور/انباری,4,https://www.mrestate.ir/s/ljjrc,"181,250,000",3,"29,000,000,000"
2022-26-12,320,1400,پارکینگ/آسانسور/انباری,2,https://www.mrestate.ir/s/cGkYG,"250,000,000",4,"80,000,000,000"
2022-26-12,93,1392,پارکینگ/آسانسور/انباری,1,https://www.mrestate.ir/s/XaCbn,"69,892,473",2,"6,500,000,000"
2022-26-12,121,1401,پارکینگ/آسانسور/انباری,4,https://www.mrestate.ir/s/wVfwt,"85,000,000",2,"10,285,000,000"
2022-26-12,116,1393,پارکینگ/آسانسور/انباری,1,https://www.mrestate.ir/s/BZYSS,"120,689,655",2,"14,000,000,000"
2022-26-12,120,1401,پارکینگ/آسانسور/انباری,1,https://www.mrestate.ir/s/rNjuR,"70,833,333",2,"8,500,000,000"
2022-26-12,145,1394,پارکینگ/آسانسور/انباری,3,https://www.mrestate.ir/s/qsyLt,"75,862,068",3,"11,000,000,000"
2022-26-12,185,1389,پارکینگ/آسانسور/انباری,5,https://www.mrestate.ir/s/yYBoR,"81,081,081",3,"15,000,000,000"
2022-26-12,120,1399,پارکینگ/آسانسور/انباری,2,https://www.mrestate.ir/s/GyGxO,"122,500,000",2,"14,700,000,000"
2022-26-12,74,1384,پارکینگ/انباری,2,https://www.mrestate.ir/s/dbxer,"87,837,837",2,"6,500,000,000"
2022-26-12,140,1385,پارکینگ/آسانسور/انباری,3,https://www.mrestate.ir/s/lOLGm,"76,428,571",3,"10,700,000,000"
2022-26-12,74,1386,پارکینگ/انباری,3,https://www.mrestate.ir/s/kPCqj,"63,513,513",2,"4,700,000,000"
2022-26-12,135,1401,پارکینگ/آسانسور/انباری,11,https://www.mrestate.ir/s/iZVVG,"80,000,000",3,"10,800,000,000"
2022-26-12,115,1400,پارکینگ/آسانسور/انباری,1,https://www.mrestate.ir/s/PAEtH,"130,434,782",3,"15,000,000,000"
2022-26-12,122,1384,پارکینگ/آسانسور/انباری,3,https://www.mrestate.ir/s/mhEPp,"71,311,475",3,"8,700,000,000"
2022-26-12,51,1392,آسانسور/انباری,4,https://www.mrestate.ir/s/BIHrg,"30,392,156",1,"1,550,000,000"
2022-26-12,118,1395,پارکینگ/آسانسور/انباری,3,https://www.mrestate.ir/s/MkWXf,"62,711,864",2,"7,400,000,000"
2022-26-12,58,1398,انباری,2,https://www.mrestate.ir/s/Kvunw,"26,465,517",1,"1,535,000,000"
2022-26-12,90,1401,پارکینگ/آسانسور/انباری,2,https://www.mrestate.ir/s/VynMb,"84,444,444",2,"7,600,000,000"
2022-26-12,104,1390,پارکینگ/آسانسور/انباری,2,https://www.mrestate.ir/s/MwNMo,"80,769,230",2,"8,400,000,000"
2022-26-12,186,1398,پارکینگ/آسانسور/انباری,3,https://www.mrestate.ir/s/cjywK,"229,569,892",3,"42,700,000,000"
2022-26-12,110,1401,پارکینگ/آسانسور/انباری/بالکن/سرایداری/نگهبانی/سالن اجتماعات/لابی/استخر/سونا/جکوزی/روف گاردن/اعلام حریق/اطفا حریق/لابی من/پارکینگ مهمان/نورپردازی,5,https://www.mrestate.ir/s/MIBnM,"185,454,545",2,"20,400,000,000"
2022-26-12,200,1401,پارکینگ/آسانسور/انباری,2,https://www.mrestate.ir/s/gIpuM,"120,000,000",3,"24,000,000,000"
2022-26-12,246,1385,پارکینگ/آسانسور/انباری,8,https://www.mrestate.ir/s/RSoBe,"120,000,000",3,"29,520,000,000"
2022-26-12,93,1383,پارکینگ/آسانسور/انباری,2,https://www.mrestate.ir/s/iWqlT,"123,655,913",2,"11,500,000,000"
2022-26-12,250,1386,پارکینگ/آسانسور/انباری,5,https://www.mrestate.ir/s/eujwh,"100,000,000",3,"25,000,000,000"
2022-26-12,180,1399,پارکینگ/آسانسور/انباری,8,https://www.mrestate.ir/s/zWdPU,"183,333,333",3,"33,000,000,000"
2022-26-12,87,1389,پارکینگ/آسانسور/انباری/بالکن,5,https://www.mrestate.ir/s/Opumx,"67,816,091",2,"5,900,000,000"
2022-26-12,116,1384,پارکینگ/انباری,2,https://www.mrestate.ir/s/BTgml,"69,827,586",2,"8,100,000,000"
2022-26-12,128,1400,پارکینگ/آسانسور/انباری,2,https://www.mrestate.ir/s/XkcrM,"120,000,000",2,"15,360,000,000"
2022-26-12,125,1401,پارکینگ/آسانسور/انباری,6,https://www.mrestate.ir/s/UwVCV,"130,000,000",2,"16,250,000,088"
2022-26-12,114,1393,پارکینگ/آسانسور/انباری,3,https://www.mrestate.ir/s/tdlbd,"77,192,982",2,"8,800,000,000"
2022-26-12,150,1382,پارکینگ/آسانسور/انباری,4,https://www.mrestate.ir/s/bMSzz,"84,000,000",3,"12,600,000,000"
2022-26-12,79,1393,پارکینگ/آسانسور/انباری,6,https://www.mrestate.ir/s/WhRjU,"101,265,822",1,"8,000,000,000"
2022-26-12,230,1400,پارکینگ/آسانسور/انباری,7,https://www.mrestate.ir/s/VHRZF,"119,565,217",3,"27,500,000,000"
2022-26-12,90,1388,پارکینگ/آسانسور/انباری,3,https://www.mrestate.ir/s/RBzKJ,"58,888,888",2,"5,300,000,000"
2022-26-12,65,1385,آسانسور/انباری,1,https://www.mrestate.ir/s/gqmGx,"31,538,461",2,"2,050,000,000"
2022-26-12,101,1385,پارکینگ,1,https://www.mrestate.ir/s/pGCXc,"52,475,247",2,"5,300,000,000"
2022-26-12,120,1400,پارکینگ/آسانسور/انباری,3,https://www.mrestate.ir/s/YzuGe,"72,000,000",2,"8,640,000,000"
2022-26-12,155,1371,پارکینگ/آسانسور/انباری,2,https://www.mrestate.ir/s/hvZrM,"129,032,258",3,"20,000,000,000"
2022-26-12,66,1387,پارکینگ/آسانسور/انباری,1,https://www.mrestate.ir/s/wiNjH,"66,666,666",2,"4,400,000,000"
2022-26-12,176,1396,پارکینگ/آسانسور/انباری,3,https://www.mrestate.ir/s/efANF,"125,000,000",3,"22,000,000,000"
2022-26-12,146,1384,پارکینگ/آسانسور/انباری,4,https://www.mrestate.ir/s/xBTay,"68,150,684",3,"9,950,000,000"
2022-26-12,110,1390,پارکینگ/آسانسور/انباری,2,https://www.mrestate.ir/s/kKXRM,"90,000,000",2,"9,900,000,000"
2022-26-12,61,1401,پارکینگ/آسانسور,4,https://www.mrestate.ir/s/bJTiM,"71,311,475",2,"4,350,000,000"
2022-26-12,80,1400,پارکینگ/آسانسور/انباری,4,https://www.mrestate.ir/s/GAbTN,"78,000,000",2,"6,240,000,000"
2022-26-12,107,1392,پارکینگ/آسانسور/انباری/بالکن/سرایداری,3,https://www.mrestate.ir/s/IFdEw,"57,943,925",2,"6,200,000,000"
2022-26-12,86,1393,پارکینگ/آسانسور/انباری,1,https://www.mrestate.ir/s/IJYbO,"58,139,534",2,"5,000,000,000"
2022-26-12,155,1400,پارکینگ/آسانسور/انباری,13,https://www.mrestate.ir/s/nJNZN,"72,903,225",3,"11,300,000,000"
2022-26-12,68,1391,پارکینگ/آسانسور,6,https://www.mrestate.ir/s/weHNo,"73,529,411",1,"5,000,000,000"
2022-26-12,145,1385,پارکینگ/آسانسور/انباری,2,https://www.mrestate.ir/s/MiVzw,"72,413,793",3,"10,500,000,000"
2022-26-12,100,1400,پارکینگ/آسانسور/انباری,2,https://www.mrestate.ir/s/PVVuM,"56,000,000",2,"5,600,000,000"
2022-26-12,35,1389,انباری,2,https://www.mrestate.ir/s/HXWSN,"22,285,714",خواب,"780,000,000"
2022-26-12,120,1401,پارکینگ/آسانسور/انباری,2,https://www.mrestate.ir/s/nWbqW,"118,333,333",2,"14,200,000,000"
2022-26-12,95,1383,پارکینگ/آسانسور/انباری,2,https://www.mrestate.ir/s/yiJxl,"81,052,631",2,"7,700,000,000"
2022-26-12,106,1397,پارکینگ/آسانسور/انباری,3,https://www.mrestate.ir/s/opHgd,"93,396,226",2,"9,900,000,000"
2022-26-12,94,1381,پارکینگ/آسانسور/انباری,5,https://www.mrestate.ir/s/Muygm,"66,489,361",2,"6,250,000,000"
2022-26-12,131,1383,پارکینگ/آسانسور/انباری/بالکن,3,https://www.mrestate.ir/s/KGfDp__1005,"68,702,290",2,"9,000,000,000"
2022-26-12,135,1385,پارکینگ/آسانسور/انباری,2,https://www.mrestate.ir/s/anSuX,"75,555,555",3,"10,200,000,000"
2022-26-12,98,1386,پارکینگ/آسانسور,7,https://www.mrestate.ir/s/aLciz,"57,142,857",2,"5,600,000,000"
2022-26-12,112,1394,پارکینگ/آسانسور/انباری,4,https://www.mrestate.ir/s/ivrsm,"79,464,285",3,"8,900,000,000"
2022-26-12,140,1393,پارکینگ/آسانسور/انباری/بالکن/سرایداری/سالن اجتماعات/اعلام حریق/اطفا حریق/پارکینگ مهمان/نورپردازی,1,https://www.mrestate.ir/s/FAvBP__1004,"68,571,428",3,"9,600,000,000"
2022-26-12,162,1401,پارکینگ/آسانسور/انباری,2,https://www.mrestate.ir/s/azyvz,"86,419,753",3,"14,000,000,000"
2022-26-12,145,1396,پارکینگ/آسانسور/انباری,3,https://www.mrestate.ir/s/wmGbY,"103,448,275",2,"15,000,000,000"
2022-26-12,70,1382,پارکینگ/انباری,3,https://www.mrestate.ir/s/fTArE,"45,714,285",2,"3,200,000,000"
2022-26-12,153,1401,پارکینگ/آسانسور/انباری/بالکن/اعلام حریق/اطفا حریق/پارکینگ مهمان/جاروبرقی مرکزی,5,https://www.mrestate.ir/s/WdddY__1003,"86,274,509",3,"13,200,000,000"
2022-26-12,120,1381,پارکینگ/انباری,3,https://www.mrestate.ir/s/wcqOY,"54,583,333",3,"6,550,000,000"
2022-26-12,65,1389,پارکینگ/آسانسور,1,https://www.mrestate.ir/s/ZNOqL,"76,153,846",1,"4,950,000,000"
2022-26-12,95,1400,پارکینگ/آسانسور/انباری,3,https://www.mrestate.ir/s/HhCMq,"72,631,578",2,"6,900,000,000"
2022-26-12,77,1392,پارکینگ/آسانسور/انباری,3,https://www.mrestate.ir/s/kSBRq,"70,129,870",2,"5,400,000,000"
2022-26-12,103,1390,پارکینگ/آسانسور/انباری,2,https://www.mrestate.ir/s/QJipH,"66,504,854",2,"6,850,000,000"
2022-26-12,117,1401,پارکینگ/آسانسور/انباری,3,https://www.mrestate.ir/s/UUeIN,"63,846,153",2,"7,470,000,000"
2022-26-12,131,1395,پارکینگ/آسانسور/انباری/بالکن/نگهبانی/سالن اجتماعات/لابی/اعلام حریق/اطفا حریق/پارکینگ مهمان/جاروبرقی مرکزی,2,https://www.mrestate.ir/s/luLmZ__1002,"69,465,648",3,"9,100,000,000"
2022-26-12,121,1401,پارکینگ/آسانسور/انباری/بالکن/سالن اجتماعات/اعلام حریق/اطفا حریق/پارکینگ مهمان/نورپردازی,3,https://www.mrestate.ir/s/rcaAU__1001,"80,991,735",3,"9,800,000,000"
2022-26-12,73,1381,پارکینگ/انباری,1,https://www.mrestate.ir/s/zjcdf,"57,534,246",2,"4,200,000,000"
2022-26-12,98,1397,پارکینگ/آسانسور/انباری,5,https://www.mrestate.ir/s/kEMTi,"49,489,795",2,"4,850,000,000"
2022-26-12,46,1385,پارکینگ/انباری,1,https://www.mrestate.ir/s/tiUzr,"70,652,173",1,"3,250,000,000"
2022-26-12,175,1384,پارکینگ/آسانسور/انباری,4,https://www.mrestate.ir/s/FZtop,"47,714,285",3,"8,350,000,000"
2022-26-12,122,1400,پارکینگ/آسانسور/انباری,2,https://www.mrestate.ir/s/CrqiJ,"71,721,311",3,"8,750,000,000"
2022-26-12,140,1401,پارکینگ/آسانسور/انباری/بالکن/سونا/جکوزی/اعلام حریق/اطفا حریق/پارکینگ مهمان/نورپردازی,3,https://www.mrestate.ir/s/dIzdK__25,"75,000,000",3,"10,500,000,000"
2022-26-12,140,1401,پارکینگ/آسانسور/انباری/بالکن/سونا/جکوزی/اعلام حریق/اطفا حریق/پارکینگ مهمان/نورپردازی,3,https://www.mrestate.ir/s/mHmkR__26,"75,000,000",3,"10,500,000,000"
2022-26-12,100,1397,پارکینگ/آسانسور/انباری,1,https://www.mrestate.ir/s/tcgKH,"122,000,000",2,"12,200,000,000"
2022-26-12,140,1401,پارکینگ/آسانسور/انباری/بالکن/سونا/جکوزی/اعلام حریق/اطفا حریق/پارکینگ مهمان/نورپردازی,3,https://www.mrestate.ir/s/eFCTc__24,"75,000,000",3,"10,500,000,000"
2022-26-12,55,1395,پارکینگ/آسانسور/انباری,1,https://www.mrestate.ir/s/EKOki,"67,272,727",1,"3,700,000,000"
2022-26-12,103,1396,پارکینگ/آسانسور/انباری,4,https://www.mrestate.ir/s/mqaCV,"84,077,669",2,"8,660,000,000"
2022-26-12,180,1396,پارکینگ/آسانسور/انباری,1,https://www.mrestate.ir/s/PnAKO,"89,444,444",3,"16,100,000,000"
2022-26-12,75,1388,پارکینگ/آسانسور/انباری,2,https://www.mrestate.ir/s/jYZkG,"65,333,333",2,"4,900,000,000"
2022-26-12,135,1392,پارکینگ/آسانسور/انباری,3,https://www.mrestate.ir/s/gIOfD,"133,333,333",2,"18,000,000,000"
2022-26-12,86,1395,پارکینگ/آسانسور/انباری,3,https://www.mrestate.ir/s/rHnpV,"72,093,023",2,"6,200,000,000"
2022-26-12,140,1401,پارکینگ/آسانسور/انباری/بالکن/سونا/جکوزی/اعلام حریق/اطفا حریق/پارکینگ مهمان/نورپردازی,3,https://www.mrestate.ir/s/ouhMx__23,"75,000,000",3,"10,500,000,000"
2022-26-12,100,1401,پارکینگ/آسانسور/انباری,5,https://www.mrestate.ir/s/TOKUd,"60,000,000",2,"6,000,000,000"
2022-26-12,76,1401,پارکینگ/آسانسور/انباری,2,https://www.mrestate.ir/s/MWMvi,"75,000,000",2,"5,700,000,000"
2022-26-12,130,1401,پارکینگ/آسانسور/انباری,4,https://www.mrestate.ir/s/pKmSx,"61,538,461",3,"8,000,000,000"
2022-26-12,103,1396,پارکینگ/آسانسور/انباری,5,https://www.mrestate.ir/s/mFCzU,"26,699,029",3,"2,750,000,000"
2022-26-12,133,1401,پارکینگ/آسانسور/انباری/بالکن/سالن اجتماعات/روف گاردن/نورپردازی/جاروبرقی مرکزی,4,https://www.mrestate.ir/s/iNNgU,"70,300,751",3,"9,350,000,000"
2022-26-12,60,1382,پارکینگ/انباری,1,https://www.mrestate.ir/s/THLCK,"61,666,666",1,"3,700,000,000"
2022-26-12,115,1388,پارکینگ/آسانسور/انباری,2,https://www.mrestate.ir/s/iESJd,"52,165,217",2,"5,999,000,000"
2022-26-12,90,1390,پارکینگ/آسانسور/انباری,2,https://www.mrestate.ir/s/ZtevG,"50,555,555",2,"4,550,000,000"
2022-26-12,70,1397,پارکینگ/آسانسور/انباری,3,https://www.mrestate.ir/s/wwlew,"51,428,571",2,"3,600,000,000"
2022-26-12,68,1378,پارکینگ/انباری,4,https://www.mrestate.ir/s/bWTVF,"53,000,000",2,"3,604,000,000"
2022-26-12,220,1401,پارکینگ/آسانسور/انباری,4,https://www.mrestate.ir/s/xedOB,"168,181,818",3,"37,000,000,000"
2022-26-12,115,1381,پارکینگ/آسانسور/انباری,1,https://www.mrestate.ir/s/CYyuh,"77,000,000",2,"8,855,000,000"
2022-26-12,89,1401,پارکینگ/آسانسور/انباری,3,https://www.mrestate.ir/s/PKcmu,"93,820,224",2,"8,350,000,000"
2022-26-12,215,1397,پارکینگ/آسانسور/انباری,5,https://www.mrestate.ir/s/RPyDc,"73,255,813",3,"15,750,000,000"
2022-26-12,54,1397,آسانسور/انباری,4,https://www.mrestate.ir/s/hPVKk,"98,148,148",1,"5,300,000,000"
2022-26-12,140,1401,پارکینگ/آسانسور/انباری/بالکن/سونا/جکوزی/اعلام حریق/اطفا حریق/پارکینگ مهمان/نورپردازی,3,https://www.mrestate.ir/s/ddFFT__21,"75,000,000",3,"10,500,000,000"
2022-26-12,74,1382,پارکینگ/آسانسور/انباری,3,https://www.mrestate.ir/s/xKVkd,"56,756,756",2,"4,200,000,000"
2022-26-12,140,1401,پارکینگ/آسانسور/انباری/بالکن/سونا/جکوزی/اعلام حریق/اطفا حریق/پارکینگ مهمان/نورپردازی,3,https://www.mrestate.ir/s/JEHmK__22,"75,000,000",3,"10,500,000,000"
2022-26-12,95,1387,انباری,2,https://www.mrestate.ir/s/qYIdL,"47,368,421",3,"4,500,000,000"
2022-26-12,156,1386,پارکینگ/آسانسور/انباری,4,https://www.mrestate.ir/s/uIyFE,"64,102,564",3,"10,000,000,000"
2022-26-12,230,1394,پارکینگ/آسانسور/انباری,8,https://www.mrestate.ir/s/UwauD,"165,217,391",3,"38,000,000,000"
2022-26-12,180,1400,پارکینگ/آسانسور/انباری,3,https://www.mrestate.ir/s/zYHJn,"80,000,000",3,"14,400,000,000"
2022-26-12,140,1401,پارکینگ/آسانسور/انباری/بالکن/سونا/جکوزی/اعلام حریق/اطفا حریق/پارکینگ مهمان/نورپردازی,3,https://www.mrestate.ir/s/hRjXO__19,"75,000,000",3,"10,500,000,000"
2022-26-12,120,1389,پارکینگ/آسانسور/انباری,2,https://www.mrestate.ir/s/swYmx,"90,000,000",2,"10,800,000,000"
2022-26-12,140,1401,پارکینگ/آسانسور/انباری/بالکن/سونا/جکوزی/اعلام حریق/اطفا حریق/پارکینگ مهمان/نورپردازی,3,https://www.mrestate.ir/s/nXUXH__20,"75,000,000",3,"10,500,000,000"
2022-26-12,450,1398,پارکینگ/آسانسور/انباری,6,https://www.mrestate.ir/s/aWOeG,"270,000,000",4,"121,500,000,000"
2022-26-12,140,1401,پارکینگ/آسانسور/انباری/بالکن/سونا/جکوزی/اعلام حریق/اطفا حریق/پارکینگ مهمان/نورپردازی,3,https://www.mrestate.ir/s/qLDfQ__21,"75,000,000",3,"10,500,000,000"
2022-26-12,190,1401,پارکینگ/آسانسور/انباری,4,https://www.mrestate.ir/s/LYALO,"180,000,000",3,"34,200,000,000"
2022-26-12,98,1378,پارکینگ/انباری,2,https://www.mrestate.ir/s/dQBcr,"64,795,918",2,"6,350,000,000"
2022-26-12,280,1398,پارکینگ/آسانسور/انباری,5,https://www.mrestate.ir/s/kDOoA,"135,714,285",4,"38,000,000,000"
2022-26-12,140,1401,پارکینگ/آسانسور/انباری/بالکن/سونا/جکوزی/اعلام حریق/اطفا حریق/پارکینگ مهمان/نورپردازی,3,https://www.mrestate.ir/s/YuuDW__18,"75,000,000",3,"10,500,000,000"
2022-26-12,140,1401,پارکینگ/آسانسور/انباری/بالکن/سونا/جکوزی/اعلام حریق/اطفا حریق/پارکینگ مهمان/نورپردازی,2,https://www.mrestate.ir/s/pbetn__16,"75,000,000",3,"10,500,000,000"
2022-26-12,80,1394,پارکینگ/آسانسور/انباری,2,https://www.mrestate.ir/s/UINun,"42,500,000",2,"3,400,000,000"
2022-26-12,95,1401,پارکینگ/آسانسور/انباری,3,https://www.mrestate.ir/s/OIARR,"94,210,526",2,"8,950,000,000"
2022-26-12,140,1401,پارکینگ/آسانسور/انباری/بالکن/سونا/جکوزی/اعلام حریق/اطفا حریق/پارکینگ مهمان/نورپردازی,3,https://www.mrestate.ir/s/lOFOH__17,"75,000,000",3,"10,500,000,000"
2022-26-12,182,1401,پارکینگ/آسانسور/انباری,1,https://www.mrestate.ir/s/xOzZf,"109,890,109",3,"20,000,000,000"
2022-26-12,140,1401,پارکینگ/آسانسور/انباری/بالکن/لابی/سونا/جکوزی/اعلام حریق/اطفا حریق/پارکینگ مهمان/نورپردازی,2,https://www.mrestate.ir/s/bKYtr__13,"75,000,000",3,"10,500,000,000"
2022-26-12,86,1382,پارکینگ/انباری,3,https://www.mrestate.ir/s/MYvIW,"73,837,209",2,"6,350,000,000"
2022-26-12,140,1401,پارکینگ/آسانسور/انباری/بالکن/سونا/جکوزی/اعلام حریق/اطفا حریق/پارکینگ مهمان/نورپردازی,2,https://www.mrestate.ir/s/qsJde__14,"75,000,000",3,"10,500,000,000"
2022-26-12,140,1401,پارکینگ/آسانسور/انباری/بالکن/سونا/جکوزی/اعلام حریق/اطفا حریق/پارکینگ مهمان/نورپردازی,2,https://www.mrestate.ir/s/rKGNP__15,"75,000,000",3,"10,500,000,000"
2022-26-12,65,1381,پارکینگ/انباری,1,https://www.mrestate.ir/s/MlyYj,"56,923,076",2,"3,700,000,000"
2022-26-12,75,1387,پارکینگ/انباری,4,https://www.mrestate.ir/s/zThsw,"42,666,666",2,"3,200,000,000"
2022-26-12,88,1391,پارکینگ/آسانسور/انباری,4,https://www.mrestate.ir/s/SSqwh,"36,931,818",2,"3,250,000,000"
2022-26-12,125,1401,پارکینگ/آسانسور/انباری,2,https://www.mrestate.ir/s/BdKnA,"60,000,000",3,"7,500,000,000"
2022-26-12,112,1399,پارکینگ/آسانسور/انباری,2,https://www.mrestate.ir/s/VaQJJ,"120,535,714",2,"13,500,000,000"
2022-26-12,185,1401,پارکینگ/آسانسور/انباری,5,https://www.mrestate.ir/s/GRXuD,"99,459,459",3,"18,400,000,000"
2022-26-12,93,1400,پارکینگ/آسانسور,4,https://www.mrestate.ir/s/vosxO,"55,376,344",2,"5,150,000,000"
2022-26-12,72,1382,انباری,1,https://www.mrestate.ir/s/eTnrq,"30,555,555",2,"2,200,000,000"
2022-26-12,103,1401,پارکینگ/آسانسور/انباری,2,https://www.mrestate.ir/s/llJnU,"85,000,000",2,"8,755,000,000"
2022-26-12,90,1390,پارکینگ/آسانسور/انباری,1,https://www.mrestate.ir/s/ruHeS,"61,388,888",2,"5,525,000,000"
2022-26-12,150,1385,پارکینگ/آسانسور/انباری,2,https://www.mrestate.ir/s/PiauZ,"62,000,000",3,"9,300,000,000"
2022-26-12,72,1387,پارکینگ/آسانسور/انباری,1,https://www.mrestate.ir/s/UWuQV,"58,333,333",2,"4,200,000,000"
2022-26-12,96,1385,پارکینگ/انباری,3,https://www.mrestate.ir/s/qhntK,"36,458,333",3,"3,500,000,000"
2022-26-12,70,1378,انباری,1,https://www.mrestate.ir/s/shxJp,"55,714,285",2,"3,900,000,000"
2022-26-12,80,1390,پارکینگ/آسانسور/انباری/بالکن,2,https://www.mrestate.ir/s/sNIpY__1,"68,750,000",2,"5,500,000,000"
2022-26-12,91,1401,پارکینگ/آسانسور/انباری,2,https://www.mrestate.ir/s/QWOfp,"62,087,912",2,"5,650,000,000"
2022-26-12,68,1385,پارکینگ/آسانسور/انباری/بالکن/سرایداری,3,https://www.mrestate.ir/s/OKVKW__1101,"71,323,529",2,"4,850,000,000"
2022-26-12,75,1382,پارکینگ,3,https://www.mrestate.ir/s/tJWWG,"66,666,666",2,"5,000,000,000"
2022-26-12,84,1392,پارکینگ/آسانسور/انباری/بالکن,3,https://www.mrestate.ir/s/vXDnf,"71,428,571",2,"6,000,000,000"
2022-26-12,110,1401,پارکینگ/آسانسور/انباری,11,https://www.mrestate.ir/s/fCTRY,"31,000,000",2,"3,410,000,000"
2022-26-12,44,1394,آسانسور,3,https://www.mrestate.ir/s/DcXiH,"42,954,545",1,"1,890,000,000"
2022-26-12,103,1373,پارکینگ/آسانسور/انباری,2,https://www.mrestate.ir/s/AIQXL,"60,000,000",2,"6,180,000,000"
2022-26-12,80,1390,پارکینگ/آسانسور/انباری/بالکن,3,https://www.mrestate.ir/s/YbLis,"74,375,000",2,"5,950,000,000"
2022-26-12,147,1394,پارکینگ/آسانسور/انباری,2,https://www.mrestate.ir/s/Ynqsr,"91,836,734",3,"13,500,000,000"
2022-26-12,66,1395,پارکینگ/آسانسور/انباری,3,https://www.mrestate.ir/s/KyWGO,"63,636,363",1,"4,200,000,000"
2022-26-12,98,1400,پارکینگ/آسانسور/انباری,10,https://www.mrestate.ir/s/guktF,"80,000,000",2,"7,840,000,000"
2022-26-12,185,1380,پارکینگ/آسانسور/انباری,5,https://www.mrestate.ir/s/eodBA,"86,486,486",3,"16,000,000,000"
2022-26-12,80,1394,پارکینگ/آسانسور/انباری,2,https://www.mrestate.ir/s/BrbcW,"64,375,000",2,"5,150,000,000"
2022-26-12,109,1401,پارکینگ/آسانسور/انباری,5,https://www.mrestate.ir/s/fdUBA,"98,165,137",3,"10,700,000,000"
2022-25-12,50,1401,پارکینگ/آسانسور/انباری/بالکن/سرایداری/نگهبانی/سالن اجتماعات/لابی/اعلام حریق/اطفا حریق/لابی من/نورپردازی/باشگاه,12,https://www.mrestate.ir/s/NOOrI,"16,000,000",2,"800,000,000"
2022-25-12,83,1392,پارکینگ/آسانسور/انباری/بالکن,2,https://www.mrestate.ir/s/caEEK,"77,710,843",2,"6,450,000,000"
2022-25-12,83,1391,,3,https://www.mrestate.ir/s/pcWBJ,"76,506,024",2,"6,350,000,000"
2022-25-12,77,1393,پارکینگ/آسانسور/انباری,1,https://www.mrestate.ir/s/QvOpf,"61,688,311",2,"4,750,000,000"
2022-25-12,87,1390,پارکینگ/آسانسور/انباری/بالکن,3,https://www.mrestate.ir/s/rteTH,"64,367,816",2,"5,600,000,000"
2022-26-12,64,1396,پارکینگ/آسانسور/انباری,5,https://www.mrestate.ir/s/adMPI__1,"62,500,000",1,"4,000,000,000"
2022-25-12,179,1401,پارکینگ/آسانسور/انباری/بالکن/سرایداری/نگهبانی/سالن اجتماعات/لابی/اعلام حریق/اطفا حریق/آبنما/لابی من/پارکینگ مهمان/نورپردازی/باشگاه/آلاچیق,6,https://www.mrestate.ir/s/IbhVU,"75,000,000",3,"13,425,000,000"
2022-25-12,121,1384,پارکینگ/انباری/پارکینگ مهمان,1,https://www.mrestate.ir/s/ONPBU__1,"72,727,272",2,"8,800,000,000"
2022-25-12,154,1390,پارکینگ/آسانسور/انباری,3,https://www.mrestate.ir/s/YbuJD,"59,461,038",3,"9,157,000,000"
2022-25-12,88,1387,پارکینگ/آسانسور/انباری,3,https://www.mrestate.ir/s/zSXRU,"60,227,272",2,"5,300,000,000"
2022-25-12,211,1401,پارکینگ/آسانسور/انباری,2,https://www.mrestate.ir/s/BxTWK,"213,270,142",3,"45,000,000,000"
2022-25-12,160,1381,پارکینگ/آسانسور/انباری,7,https://www.mrestate.ir/s/eVfNs,"84,375,000",3,"13,500,000,000"
2022-25-12,170,1398,پارکینگ/آسانسور/انباری,4,https://www.mrestate.ir/s/VVTDC,"176,470,588",3,"30,000,000,000"
2022-25-12,135,1399,پارکینگ/آسانسور/انباری,1,https://www.mrestate.ir/s/pGHNl,"145,000,000",3,"19,575,000,000"
2022-25-12,124,1391,پارکینگ/آسانسور/انباری,4,https://www.mrestate.ir/s/gPYbM,"87,000,000",2,"10,788,000,000"
2022-25-12,160,1390,پارکینگ/آسانسور/انباری,2,https://www.mrestate.ir/s/LCxoq,"71,875,000",3,"11,500,000,000"
2022-25-12,340,1401,پارکینگ/آسانسور/انباری,2,https://www.mrestate.ir/s/izjYL,"250,000,000",4,"85,000,000,000"
2022-25-12,115,1399,پارکینگ/آسانسور/انباری,1,https://www.mrestate.ir/s/zEqzt,"53,043,478",2,"6,100,000,000"
2022-25-12,139,1380,انباری,2,https://www.mrestate.ir/s/SGzOo,"57,553,956",2,"8,000,000,000"
2022-25-12,250,1380,پارکینگ/آسانسور/انباری,8,https://www.mrestate.ir/s/Kdhuq,"91,200,000",3,"22,800,000,000"
2022-25-12,106,1397,پارکینگ/آسانسور/انباری,3,https://www.mrestate.ir/s/usGQv,"93,396,226",2,"9,900,000,000"
2022-25-12,68,1396,پارکینگ/آسانسور,1,https://www.mrestate.ir/s/PQqjs,"50,735,294",2,"3,450,000,000"
2022-25-12,40,1389,,3,https://www.mrestate.ir/s/zKNiZ,"21,250,000",1,"850,000,000"
2022-25-12,97,1401,پارکینگ/آسانسور/انباری/بالکن,3,https://www.mrestate.ir/s/Dntkd,"70,103,092",2,"6,800,000,000"
2022-25-12,670,1401,پارکینگ/آسانسور/انباری,12,https://www.mrestate.ir/s/xJLsx,"350,000,000",4,"234,500,000,000"
2022-25-12,60,1380,,3,https://www.mrestate.ir/s/VhHOT,"26,666,666",2,"1,600,000,000"
2022-25-12,115,1375,پارکینگ/انباری,1,https://www.mrestate.ir/s/Dscpe,"104,347,826",2,"12,000,000,000"
2022-25-12,175,1398,پارکینگ/آسانسور/انباری,3,https://www.mrestate.ir/s/PZivy,"160,000,000",3,"28,000,000,000"
2022-25-12,125,1398,پارکینگ/آسانسور/انباری,5,https://www.mrestate.ir/s/WsMYg,"160,000,000",2,"20,000,000,000"
2022-25-12,164,1382,پارکینگ/آسانسور/انباری,5,https://www.mrestate.ir/s/VEgiL,"112,000,000",3,"18,368,000,000"
2022-25-12,124,1401,پارکینگ/آسانسور/انباری,2,https://www.mrestate.ir/s/PuRou,"68,548,387",2,"8,500,000,000"
2022-25-12,66,1401,پارکینگ/آسانسور/انباری,3,https://www.mrestate.ir/s/wRHlD,"57,272,727",2,"3,780,000,000"
2022-25-12,105,1384,پارکینگ/آسانسور/انباری,3,https://www.mrestate.ir/s/tkiaK,"71,428,571",2,"7,500,000,000"
2022-25-12,70,1385,پارکینگ/انباری/بالکن,2,https://www.mrestate.ir/s/dcfet,"60,000,000",2,"4,200,000,000"
2022-25-12,115,1385,پارکینگ/آسانسور/انباری,10,https://www.mrestate.ir/s/DayiU,"65,217,391",2,"7,500,000,000"
2022-25-12,116,1384,پارکینگ/انباری,2,https://www.mrestate.ir/s/FgXoA,"103,448,275",3,"12,000,000,000"
2022-25-12,235,1395,پارکینگ/آسانسور/انباری,3,https://www.mrestate.ir/s/WJkVK,"127,234,042",3,"29,900,000,000"
2022-25-12,81,1391,پارکینگ/آسانسور/انباری,3,https://www.mrestate.ir/s/YXaYd,"75,308,641",2,"6,100,000,000"
2022-25-12,95,1400,پارکینگ/آسانسور/انباری,1,https://www.mrestate.ir/s/mvvtO,"120,000,000",2,"11,400,000,000"
2022-25-12,180,1394,پارکینگ/آسانسور/انباری,9,https://www.mrestate.ir/s/sAXBz,"111,111,111",3,"20,000,000,000"
2022-25-12,95,1401,پارکینگ/آسانسور/انباری,1,https://www.mrestate.ir/s/YBlFW,"82,105,263",2,"7,800,000,000"
2022-25-12,67,1397,آسانسور/انباری,3,https://www.mrestate.ir/s/dtgTF,"85,074,626",1,"5,700,000,000"
2022-25-12,80,1400,پارکینگ/آسانسور/انباری,4,https://www.mrestate.ir/s/EZRzu,"90,000,000",2,"7,200,000,000"
2022-25-12,92,1401,پارکینگ/آسانسور/انباری,2,https://www.mrestate.ir/s/JNqLO,"90,760,869",2,"8,350,000,000"
2022-25-12,80,1386,پارکینگ/انباری,2,https://www.mrestate.ir/s/YRvFT,"40,625,000",2,"3,250,000,000"
2022-25-12,122,1401,پارکینگ/آسانسور/انباری,1,https://www.mrestate.ir/s/XEZYY,"62,213,114",2,"7,590,000,000"
2022-25-12,76,1383,پارکینگ/انباری,2,https://www.mrestate.ir/s/fdDGd,"60,526,315",2,"4,600,000,000"
2022-25-12,46,1378,,4,https://www.mrestate.ir/s/AyMfD,"30,434,782",1,"1,400,000,000"
2022-25-12,53,1382,آسانسور/انباری,2,https://www.mrestate.ir/s/hAVFi,"45,849,056",1,"2,430,000,000"
2022-25-12,117,1394,پارکینگ/آسانسور/انباری/بالکن,4,https://www.mrestate.ir/s/FQfPa,"88,034,188",2,"10,300,000,000"
2022-25-12,200,1401,پارکینگ/آسانسور/انباری,6,https://www.mrestate.ir/s/USysU,"210,500,000",3,"42,100,000,000"
2022-25-12,106,1396,پارکینگ/آسانسور/انباری,1,https://www.mrestate.ir/s/aOZGS,"100,000,000",3,"10,600,000,000"
2022-25-12,82,1399,پارکینگ/آسانسور/انباری,8,https://www.mrestate.ir/s/mNnmA,"113,414,634",2,"9,300,000,000"
2022-25-12,125,1401,پارکینگ/آسانسور/انباری,5,https://www.mrestate.ir/s/gitcJ,"59,000,000",2,"7,375,000,000"
2022-25-12,152,1399,پارکینگ/آسانسور/انباری,1,https://www.mrestate.ir/s/XEqSR,"88,815,789",3,"13,500,000,000"
2022-25-12,48,1375,,4,https://www.mrestate.ir/s/UpHDK,"28,125,000",1,"1,350,000,000"
2022-25-12,166,1378,پارکینگ/آسانسور/انباری,3,https://www.mrestate.ir/s/VozyN,"90,361,445",3,"15,000,000,000"
2022-25-12,178,1385,پارکینگ/آسانسور/انباری,3,https://www.mrestate.ir/s/mnGqM,"88,202,247",3,"15,700,000,000"
2022-25-12,166,1384,پارکینگ/آسانسور/انباری,3,https://www.mrestate.ir/s/YmgYn,"120,000,000",2,"19,920,000,000"
2022-25-12,154,1390,پارکینگ/آسانسور/انباری,3,https://www.mrestate.ir/s/HnbcM,"100,000,000",3,"15,400,000,000"
2022-25-12,101,1401,پارکینگ/آسانسور/انباری,2,https://www.mrestate.ir/s/RwJNj,"57,425,742",2,"5,800,000,000"
2022-25-12,80,1389,انباری,3,https://www.mrestate.ir/s/TYdoN,"25,875,000",2,"2,070,000,000"
2022-25-12,55,1375,آسانسور,3,https://www.mrestate.ir/s/SSfku,"47,272,727",1,"2,600,000,000"
2022-25-12,95,1382,انباری,4,https://www.mrestate.ir/s/zgWoM,"33,684,210",2,"3,200,000,000"
2022-25-12,52,1385,انباری,2,https://www.mrestate.ir/s/uJwRW,"52,884,615",1,"2,750,000,000"
2022-25-12,46,1383,آسانسور/انباری,1,https://www.mrestate.ir/s/wunVH,"40,000,000",1,"1,840,000,000"
2022-25-12,51,1380,,2,https://www.mrestate.ir/s/eFQkl,"43,137,254",1,"2,200,000,000"
2022-25-12,40,1392,,1,https://www.mrestate.ir/s/ZiZZt,"40,000,000",1,"1,600,000,000"
2022-25-12,100,1393,پارکینگ/آسانسور/انباری/بالکن/سرایداری,3,https://www.mrestate.ir/s/lvdJg,"61,000,000",2,"6,100,000,000"
2022-25-12,46,1384,انباری,2,https://www.mrestate.ir/s/BTbnv,"28,260,869",1,"1,300,000,000"
2022-25-12,60,1389,,1,https://www.mrestate.ir/s/hVzbu,"33,333,333",1,"2,000,000,000"
2022-25-12,114,1382,پارکینگ/انباری,2,https://www.mrestate.ir/s/NauUu,"57,894,736",2,"6,600,000,000"
2022-25-12,182,1398,پارکینگ/آسانسور,5,https://www.mrestate.ir/s/opIiU,"74,175,824",2,"13,500,000,000"
2022-25-12,40,1378,انباری,1,https://www.mrestate.ir/s/Hcxud,"32,500,000",1,"1,300,000,000"
2022-25-12,70,1396,پارکینگ/آسانسور/انباری,2,https://www.mrestate.ir/s/LwgKP,"40,000,000",2,"2,800,000,000"
2022-25-12,48,1393,پارکینگ/آسانسور/انباری,1,https://www.mrestate.ir/s/qrKsm,"52,916,666",1,"2,540,000,000"
2022-25-12,95,1395,پارکینگ/آسانسور,2,https://www.mrestate.ir/s/sdNMl,"60,526,315",2,"5,750,000,000"
2022-25-12,195,1401,پارکینگ/آسانسور/انباری,7,https://www.mrestate.ir/s/wGDcB,"114,358,974",3,"22,300,000,000"
2022-25-12,231,1390,پارکینگ/آسانسور/انباری,1,https://www.mrestate.ir/s/leRlF,"121,212,121",3,"28,000,000,000"
2022-25-12,105,1400,پارکینگ/آسانسور/انباری,3,https://www.mrestate.ir/s/hkgII,"64,285,714",2,"6,750,000,000"
2022-25-12,100,1401,پارکینگ/آسانسور/انباری,2,https://www.mrestate.ir/s/XtWJc,"95,000,000",2,"9,500,000,000"
2022-25-12,300,1400,پارکینگ/آسانسور/انباری,1,https://www.mrestate.ir/s/XAKxM,"120,000,000",4,"36,000,000,000"
2022-25-12,146,1385,پارکینگ/انباری,2,https://www.mrestate.ir/s/DjcHd,"61,643,835",2,"9,000,000,000"
2022-25-12,113,1395,پارکینگ/آسانسور/انباری,2,https://www.mrestate.ir/s/hVZLN,"110,000,000",2,"12,430,000,000"
2022-25-12,60,1401,پارکینگ/آسانسور/انباری,6,https://www.mrestate.ir/s/aljPj,"31,000,000",1,"1,860,000,000"
2022-25-12,180,1401,پارکینگ/آسانسور/انباری,5,https://www.mrestate.ir/s/BqRqX,"90,000,000",3,"16,200,000,000"
2022-25-12,123,1388,پارکینگ/آسانسور/انباری,2,https://www.mrestate.ir/s/puoQX,"96,747,967",2,"11,900,000,000"
2022-25-12,265,1395,پارکینگ/آسانسور/انباری,1,https://www.mrestate.ir/s/kAuHF,"120,754,716",4,"32,000,000,000"
2022-25-12,192,1388,پارکینگ/آسانسور/انباری,6,https://www.mrestate.ir/s/fujns,"93,750,000",3,"18,000,000,000"
2022-25-12,240,1375,انباری,1,https://www.mrestate.ir/s/oKwHU,"100,000,000",3,"24,000,000,000"
2022-25-12,176,1376,پارکینگ/آسانسور/انباری,3,https://www.mrestate.ir/s/AQGAM,"119,318,181",3,"21,000,000,000"
2022-25-12,110,1392,پارکینگ/آسانسور/انباری,3,https://www.mrestate.ir/s/zQTvw,"70,909,090",2,"7,800,000,000"
2022-25-12,320,1400,پارکینگ/آسانسور/انباری,9,https://www.mrestate.ir/s/umDox,"195,312,500",4,"62,500,000,000"
2022-25-12,80,1390,پارکینگ/آسانسور/انباری,2,https://www.mrestate.ir/s/bgedU,"67,500,000",2,"5,400,000,000"
2022-25-12,100,1399,پارکینگ/آسانسور/انباری,3,https://www.mrestate.ir/s/mpiYk,"55,000,000",2,"5,500,000,000"
